{
  "$id": "ce_blogPost",
  "$schema": "https://schema.yext.com/config/km/entity-type/v1",
  "description": "",
  "displayName": "Blog Post",
  "enabled": false,
  "field": [
    {
      "id": "yext/body",
      "required": false
    },
    {
      "id": "yext/landingPageUrl",
      "required": false
    },
    {
      "id": "yext/shortDescription",
      "required": false
    },
    {
      "id": "yext/description",
      "required": false
    },
    {
      "id": "yext/name",
      "required": true
    },
    {
      "id": "c_blogText",
      "required": false
    },
    {
      "id": "c_blogUrL",
      "required": false
    },
    {
      "id": "c_publishedDate1",
      "required": false
    },
    {
      "id": "yext/folder",
      "required": false
    },
    {
      "id": "yext/labels",
      "required": false
    },
    {
      "id": "yext/entityId",
      "required": true
    }
  ],
  "pluralDisplayName": "Blog Posts"
}