{
  "$id": "ce_blog",
  "$schema": "https://schema.yext.com/config/km/entity-type/v1",
  "description": "Blogartikel",
  "displayName": "Blog",
  "enabled": true,
  "field": [
    {
      "id": "yext/body",
      "required": false
    },
    {
      "id": "yext/description",
      "required": false
    },
    {
      "id": "yext/name",
      "required": true
    },
    {
      "id": "c_author",
      "required": false
    },
    {
      "id": "c_blogCategory",
      "required": false
    },
    {
      "id": "c_photo",
      "required": false
    },
    {
      "id": "c_primaryCTA",
      "required": false
    },
    {
      "id": "c_publishedDate1",
      "required": false
    },
    {
      "id": "c_secondaryCTA",
      "required": false
    },
    {
      "id": "yext/folder",
      "required": false
    },
    {
      "id": "yext/keywords",
      "required": false
    },
    {
      "id": "yext/labels",
      "required": false
    },
    {
      "id": "yext/entityId",
      "required": true
    },
    {
      "id": "yext/websiteUrl",
      "required": false
    }
  ],
  "pluralDisplayName": "Blogs"
}