{
  "$id": "ce_whitepaper",
  "$schema": "https://schema.yext.com/config/km/entity-type/v1",
  "description": "",
  "displayName": "Whitepaper",
  "enabled": false,
  "field": [
    {
      "id": "yext/name",
      "required": true
    },
    {
      "id": "c_downloadlink",
      "required": false
    },
    {
      "id": "c_whitepaperDescription",
      "required": false
    },
    {
      "id": "yext/folder",
      "required": false
    },
    {
      "id": "yext/labels",
      "required": false
    },
    {
      "id": "yext/entityId",
      "required": true
    }
  ],
  "pluralDisplayName": "Whitepapers"
}