{
  "$id": "jobsConnector",
  "$schema": "https://schema.yext.com/config/km/connector/v1",
  "displayName": "JobsConnector",
  "entityType": "yext/job",
  "source": {
    "sourceConfig": {
      "crawlerConfig": {
        "crawler": "kytojobs",
        "urlPatterns": [
          "https://www.kyto.de/karriere/*/"
        ]
      }
    },
    "selectors": [
      {
        "type": "PAGE_ID",
        "header": "Page ID"
      },
      {
        "type": "PAGE_URL",
        "header": "Page URL"
      },
      {
        "type": "PAGE_TITLE",
        "header": "Page Title"
      },
      {
        "type": "CSS",
        "header": "Title",
        "path": "h1",
        "mode": "ALL_TEXT"
      },
      {
        "type": "CSS",
        "header": "Short Description",
        "path": ".designations-box:nth-child(5) p",
        "mode": "ALL_TEXT"
      },
      {
        "type": "CSS",
        "header": "Area",
        "path": ".d-flex strong",
        "mode": "ALL_TEXT"
      },
      {
        "type": "CSS",
        "header": "Type",
        "path": ".designations-box:nth-child(4) p",
        "mode": "ALL_TEXT"
      }
    ]
  },
  "mappings": [
    {
      "field": "yext/landingPageUrl",
      "header": "Page URL",
      "subfieldPath": []
    },
    {
      "field": "yext/hiringOrganization",
      "header": "Area",
      "subfieldPath": []
    },
    {
      "field": "yext/description",
      "header": "Short Description",
      "subfieldPath": []
    },
    {
      "field": "yext/name",
      "header": "Title",
      "subfieldPath": []
    },
    {
      "field": "yext/entityId",
      "header": "Page ID",
      "subfieldPath": []
    }
  ],
  "scheduleConfig": {
    "useSourceSchedule": false,
    "runMode": "DEFAULT"
  }
}