{
  "$id": "ce_blogPost",
  "$schema": "https://schema.yext.com/config/km/field-presentation/v1",
  "entityType": "ce_blogPost",
  "displayName": "Blog Post",
  "presentationEntries": [
    {
      "displayName": "Content",
      "entryType": "DIVIDER"
    },
    {
      "displayName": "Core Information",
      "entryType": "SECTION",
      "fields": [
        {
          "id": "yext/name",
          "visibleOnAdd": true
        },
        {
          "id": "yext/entityId",
          "visibleOnAdd": true
        },
        {
          "id": "c_publishedDate1"
        },
        {
          "id": "c_blogText"
        },
        {
          "id": "c_blogUrL"
        },
        {
          "id": "yext/landingPageUrl"
        },
        {
          "id": "yext/body"
        },
        {
          "id": "yext/shortDescription"
        },
        {
          "id": "yext/description"
        }
      ]
    },
    {
      "displayName": "Other",
      "entryType": "DIVIDER"
    },
    {
      "displayName": "Internal Use Only",
      "entryType": "SECTION",
      "fields": [
        {
          "id": "yext/folder"
        },
        {
          "id": "yext/labels"
        }
      ]
    }
  ]
}