{
  "$id": "ce_whitepaper",
  "$schema": "https://schema.yext.com/config/km/field-presentation/v1",
  "entityType": "ce_whitepaper",
  "displayName": "Whitepaper",
  "presentationEntries": [
    {
      "displayName": "Content",
      "entryType": "DIVIDER"
    },
    {
      "displayName": "Core Information",
      "entryType": "SECTION",
      "fields": [
        {
          "id": "yext/name",
          "visibleOnAdd": true
        },
        {
          "id": "yext/entityId",
          "visibleOnAdd": true
        },
        {
          "id": "c_downloadlink"
        },
        {
          "id": "c_whitepaperDescription"
        }
      ]
    },
    {
      "displayName": "Other",
      "entryType": "DIVIDER"
    },
    {
      "displayName": "Internal Use Only",
      "entryType": "SECTION",
      "fields": [
        {
          "id": "yext/folder"
        },
        {
          "id": "yext/labels"
        }
      ]
    }
  ]
}