{
  "$id": "c_blogText",
  "$schema": "https://schema.yext.com/config/km/field/v1",
  "displayName": "blog text",
  "group": "NONE",
  "localization": "PRIMARY_ONLY",
  "type": {
    "richTextType": {
      "supportedFormat": [
        "BLOCK_QUOTE",
        "BOLD",
        "BULLETED_LIST",
        "CODE_BLOCK",
        "CODE_SPAN",
        "HEADINGS",
        "HORIZONTAL_LINE",
        "HYPERLINK",
        "IMAGE",
        "ITALICS",
        "NUMBERED_LIST",
        "STRIKETHROUGH",
        "SUBSCRIPT",
        "SUPERSCRIPT",
        "UNDERLINE"
      ]
    }
  },
  "typeId": "yext/richText"
}